,Name
0,Google Photos
1,"Canva: Design, Photo & Video"
2,Collage Maker | Photo Editor
3,Photo Editor Pro - Polish
4,Photo Editor & Photo Effects
5,Photo Frame - Photo Collage
6,"Photo frame, Photo collage"
7,Amazon Photos
8,Picsart Photo & Video Editor
9,Photo Editor - Collage Maker
10,"Photo Effects, Photo Editor"
11,Camera360 :Photo Editor&Selfie
12,Candy Camera - photo editor
13,YouCam Perfect - Photo Editor
14,Photo Editor Picsa: Collage
15,Lightroom Photo & Video Editor
16,Cymera - Photo Editor Collage
17,Photo Lab Picture Editor & Art
18,Photo Editor - Lumii
19,Photo Collage Maker & Editor
20,Text on Photo - Text to Photos
21,Private Photo Vault - Keepsafe
22,Photo Frames: Hoarding & Photo
23,Photoshop Express Photo Editor
24,Photo Editor
25,"Photo collage, Photo frame"
26,Pic Collage Maker Photo Editor
27,Photo Effects Pro
28,PicLab - Photo Editor
29,Photo Editor Pro Photo Effects
30,Video Maker & Photo Music
31,PhotoRoom Studio Photo Editor
32,Photo Editor & Collage - Lidow
33,LINE Camera - Photo editor
34,AirBrush: Easy Photo Editor
35,Meitu- Photo & Video Editor
36,Gallery - Photo Gallery App
37,Hide Photos in Photo Locker
38,Photo Studiо
39,PhotoDirector - Photo Editor
40,InstaSize Photo Editor＋Resizer
41,Photo Collage Editor
42,Square InPic - Photo Editor &
43,PicsApp Photo Editor & Collage
44,Collage Maker: Photo Editor
45,Photo Recovery-Restore photos
46,B612 Camera&Photo/Video Editor
47,Photo Collage Maker
48,Instasquare Photo Editor: Neon
49,Calculator - photo vault
50,"Gallery - photo gallery, album"
51,"Photo collage, Photo Editor"
52,A+ Gallery - Photos & Videos
53,Love Collage - Photo Editor
54,"Photo Editor, Collage - Fotor"
55,"photo PIP, photo editor"
56,ToonMe photo cartoon maker
57,Perfect365 Makeup Photo Editor
58,LightX Photo Editor & Retouch
59,Photo Collage Editor
60,Pixlr – Photo Editor
61,Remini - AI Photo Enhancer
62,PickU: Photo Editor & Cutout
63,Ultimate Photo Blender / Mixer
64,Photo Tool
65,Prisma Art Effect Photo Editor
66,"Cloud: Video, photo storage"
67,Body Editor - Photo Editor
68,"Text on photo - photo editor,"
69,Collage Maker - Photo Editor
70,Love photo frames photo editor
71,Sketch Drawing Photo Editor
72,Photo Collage - Photo Frame
73,Photo Collage Maker-Photo Grid
74,Photo video maker
75,EPIK - Photo Editor
76,InFrame - Photo Editor & Frame
77,"Hide Something: photos, videos"
78,Square Fit Photo Collage Maker
79,Photo Editor & Photo Frames: W
80,Photo Slideshow with Music
81,Video maker with photo & music
82,Photo Collage - Layout Editor
83,Photo Editor & Collage Maker
84,Photo Finish Horse Racing
85,Photo Editor Pro - PicEditor
86,FamilyAlbum - Photo Sharing
87,Photo keypad lockscreen
88,Text Photo - Photo Text Editor
89,Mirror Photo Editor: Collage M
90,Calculator - hide photos
91,TextArt - Add Text To Photo
92,Storybeat - Photo Story Editor
93,Background Eraser Photo Editor
94,Hide Photos Vault : Calculator
95,"Video Maker from Photos, Music"
96,Private Photo Vault
97,"Photo Editor Pro, Effects, Cam"
98,Add Watermark on Photos
99,Glitch Photo Editor - Vintage
